UniqueCallers,TotalUniqueCallers,CallDuration
3.52812E+11,1,0
2.12672E+11,1,0
50586232677,1,0
15027952970,1,0
2.12524E+11,1,0
2.12656E+11,1,0
14164888410,1,0
2.12613E+11,1,0
3.53871E+11,1,0
2.40333E+11,1,0
22893067107,1,0
4.42079E+11,1,0
2.12662E+11,1,0
4.95096E+11,1,0
4.42085E+11,1,0
2.63774E+11,1,0
61469313129,1,0
8455821989,2,0
33643882092,1,0
46855326566,1,0
78123254019,1,0
2.21768E+11,1,0
2644696547,1,0
1.25286E+12,1,0
4.73287E+12,1,0
22375815843,1,0
31633444835,1,0
19854698828,92,0
2.58847E+11,1,0
22376977724,2,0
19792309484,3,0
34629501882,1,0
19785269893,1,0
34645016102,1,0
5,47,0
94725808193,1,0
9178701121,1,0
2.12664E+11,1,0
33638788526,1,0
21620307945,1,0
9.66565E+11,1,0
1422856494,1,0
2.40222E+11,1,0
15615031377,1,0
17183628029,1,0
50557415180,1,0
4.41111E+11,3,0
19857784839,18,0
2104790336,4,0
5.51199E+12,1,0
852800205,1,0
37066185060,1,0
5.73218E+11,1,0
5.75285E+12,1,0
2.1261E+11,1,0
2.12538E+11,1,0
34660095150,1,0
5153290965,3,0
19856186055,2,0
4.47448E+11,1,0
2.12661E+11,1,0
2.12619E+11,1,0
2.24622E+11,1,0
4.4742E+11,1,0
9.666E+11,1,0
1.97878E+17,7,0
4123512893,3,0
8.61368E+12,1,0
8.10289E+12,1,0
8341699388,1,0
2.44916E+11,1,0
3.90818E+11,1,0
19792302584,4,0
4.47441E+11,1,0
18094932539,1,0
17778893256,1,0
8451548501,2,0
2.12625E+11,1,0
16154571414,1,0
77781264193,1,0
23791071337,1,0
27604582687,1,0
9982546344,1,0
13123127787,2,0
2.12655E+11,1,0
9804042344,1,0
2.12523E+11,1,0
9.64781E+12,1,0
3474209498,1,0
48696812982,1,0
13234828670,1,0
33781975648,1,0
37066185082,1,0
34650244151,1,0
37066185005,1,0
22373916149,1,0
18293971363,1,0
38523286022,1,0
4.97273E+11,2,0
1.00156E+13,1,0
4.96102E+12,1,0
13094740868,15,0
4.47978E+11,1,0
19899170663,2,0
3539341063,1,0
33427015599,1,0
4.65567E+11,1,0
3055078510,1,0
19793330310,2,0
34653199032,2,0
33481190065,1,0
33626462239,1,0
22233447247,1,0
2.12616E+11,1,0
48767238184,1,0
5.51597E+11,1,0
33620337910,1,0
3539855093,1,0
27733981733,1,0
15204816374,1,0
2.12537E+11,1,0
19894884489,1,0
50946057810,1,0
23230388977,1,0
14404256986,3,0
2.40223E+11,1,0
96565983920,1,0
19795751542,1,0
4.42071E+11,2,0
96550835058,1,0
79247305560,1,0
13055078752,1,0
46700715576,1,0
2.12539E+11,1,0
2.92855E+11,1,0
963496123,1,0
2.13555E+11,1,0
934472101,1,0
19896832644,8,0
2.12667E+11,1,0
33670358285,1,0
2.12673E+11,1,0
4.41467E+11,2,0
37066186005,1,0
9.19709E+11,1,0
5.82799E+11,1,0
33646798706,1,0
5615031377,1,0
16154886381,1,0
19567407892,1,0
